city_name,Date,Country,Latitude,Longitude,Temperature,Humidity,Cloudiness,Wind Speed
muros,1596065420,ES,42.78,-9.06,73.0,78,0,1.01
cidreira,1596065162,BR,-30.18,-50.21,46.29,75,3,4.18
santarem,1596065421,BR,-2.44,-54.71,78.8,69,23,4.7
narsaq,1596065421,GL,60.92,-46.05,53.6,71,28,5.82
mashivka,1596065421,UA,49.44,34.87,68.56,63,32,6.82
cabo rojo,1596065435,PR,18.09,-67.15,81.0,83,94,3.0
mangai,1596065435,CD,-4.05,19.53,74.37,55,11,0.63
lorengau,1596065435,PG,-2.02,147.27,85.26,63,17,6.22
yellowknife,1596065435,CA,62.46,-114.35,73.4,46,40,10.29
leningradskiy,1596065435,RU,69.38,178.42,43.52,71,16,13.78
auki,1596065435,SB,-8.77,160.7,85.17,66,87,2.64
tasiilaq,1596065435,GL,65.61,-37.64,44.6,70,68,9.17
saint-pierre,1596065436,RE,-21.34,55.48,66.2,82,33,6.93
lompoc,1596065436,US,34.64,-120.46,70.0,72,7,14.99
ushuaia,1596065436,AR,-54.8,-68.3,37.4,74,40,20.8
elko,1596065436,US,41.0,-115.5,96.8,8,20,3.36
kapaa,1596065436,US,22.08,-159.32,82.4,69,20,18.34
pevek,1596065436,RU,69.7,170.31,37.2,93,100,4.81
caravelas,1596065436,BR,-17.71,-39.25,68.7,75,0,3.38
georgetown,1596065168,MY,5.41,100.34,80.6,88,40,2.24
perelyub,1596065437,RU,51.87,50.37,66.97,56,10,3.09
hilo,1596065437,US,19.73,-155.09,84.2,51,1,9.17
san francisco,1596065402,US,37.77,-122.42,70.0,63,20,24.16
carnarvon,1596065437,AU,-24.87,113.63,48.2,100,0,6.93
pyatnitskoye,1596065438,RU,50.42,37.83,68.99,57,90,7.81
busselton,1596065438,AU,-33.65,115.33,45.0,96,82,5.79
sioux lookout,1596065438,CA,50.1,-91.92,73.4,53,20,6.93
jamestown,1596065438,US,42.1,-79.24,75.99,78,75,5.82
poum,1596065438,NC,-20.23,164.02,73.74,88,30,22.28
barrow,1596065438,US,71.29,-156.79,46.4,75,1,25.28
dikson,1596065438,RU,73.51,80.55,49.12,77,62,6.2
bredasdorp,1596065439,ZA,-34.53,20.04,57.2,76,9,11.41
mangrol,1596065439,IN,21.12,70.12,84.07,80,100,13.22
roebourne,1596065439,AU,-20.78,117.13,67.46,27,0,12.35
atuona,1596065439,PF,-9.8,-139.03,78.84,75,6,19.82
las navas,1596065439,PH,12.34,125.03,80.11,85,100,1.66
port elizabeth,1596065439,ZA,-33.92,25.57,59.0,72,2,9.17
punta arenas,1596065339,CL,-53.15,-70.92,39.2,80,99,10.29
misratah,1596065439,LY,32.38,15.09,78.8,69,0,7.76
arraial do cabo,1596065440,BR,-22.97,-42.03,71.6,78,40,11.41
chuy,1596065440,UY,-33.7,-53.46,42.55,83,0,2.84
namie,1596065440,JP,37.48,141.0,73.0,97,90,6.64
saint-philippe,1596065440,RE,-21.36,55.77,66.2,82,6,6.93
vila velha,1596065440,BR,-20.33,-40.29,75.99,83,20,1.12
esqueda,1596065440,MX,30.72,-109.58,94.35,25,23,7.65
podstepki,1596065440,RU,53.52,49.14,62.6,67,51,2.24
butaritari,1596065441,KI,3.07,172.79,82.92,74,25,17.4
qaanaaq,1596065441,GL,77.48,-69.36,42.58,68,1,2.06
avanigadda,1596065441,IN,16.02,80.92,81.95,84,99,4.56
adrar,1596065441,MR,20.5,-10.07,92.48,32,19,14.65
chokurdakh,1596065441,RU,70.63,147.92,47.55,58,75,8.99
labuhan,1596065441,ID,-6.88,112.21,73.92,74,99,11.05
ribeira grande,1596065441,PT,38.52,-28.7,74.23,91,23,22.03
klaksvik,1596065441,FO,62.23,-6.59,46.4,87,96,8.05
codrington,1596065442,AU,-38.27,141.97,49.06,85,63,5.59
ginosa,1596065442,IT,40.58,16.76,82.99,64,0,2.24
plettenberg bay,1596065442,ZA,-34.05,23.37,56.88,74,1,10.8
hermanus,1596065442,ZA,-34.42,19.23,57.0,81,23,8.59
solnechnyy,1596065443,RU,50.72,136.63,81.68,65,21,2.35
manggar,1596065443,ID,-2.88,108.27,79.92,77,89,11.7
ust-koksa,1596065443,RU,50.27,85.61,50.95,81,41,1.66
rikitea,1596065443,PF,-23.12,-134.97,73.29,84,74,14.67
dhari,1596065443,IN,21.33,71.02,79.41,87,100,8.79
mabaruma,1596065443,GY,8.2,-59.78,77.65,88,76,5.88
nikolskoye,1596065443,RU,59.7,30.79,57.2,82,40,6.71
faya,1596065443,SA,18.39,42.45,64.4,93,40,5.44
wajir,1596065443,KE,1.75,40.06,73.76,74,0,11.97
komsomolskiy,1596065444,UZ,40.43,71.72,75.2,44,0,6.93
pingliang,1596065195,CN,35.54,106.69,67.19,77,3,1.25
igrim,1596065444,RU,63.19,64.42,49.87,69,93,1.99
hobart,1596065314,AU,-42.88,147.33,50.0,61,20,6.93
houma,1596065181,US,29.6,-90.72,90.0,70,40,5.82
sergeyevka,1596065444,KZ,53.88,67.42,54.75,90,97,5.95
puerto madero,1596065444,MX,14.72,-92.42,82.4,88,90,3.36
thompson,1596065444,CA,55.74,-97.86,75.2,57,20,4.7
bahar,1596065445,IR,34.91,48.44,67.23,37,25,2.91
bluff,1596065445,NZ,-46.6,168.33,54.3,70,100,12.8
sungairaya,1596065445,ID,0.7,108.9,76.84,89,92,10.04
bethel,1596065445,US,41.37,-73.41,88.0,62,1,8.05
praia da vitoria,1596065445,PT,38.73,-27.07,75.2,83,40,16.96
khatanga,1596065445,RU,71.97,102.5,62.08,57,100,13.35
paamiut,1596065445,GL,61.99,-49.67,47.28,91,89,2.28
port lincoln,1596065446,AU,-34.73,135.87,55.53,79,0,4.32
karaton,1596065446,ID,-6.34,106.1,77.0,83,20,5.82
albany,1596065421,US,42.6,-73.97,73.99,69,28,5.59
port alfred,1596065446,ZA,-33.59,26.89,58.46,68,0,18.81
riyadh,1596065210,SA,24.69,46.72,91.4,31,27,6.87
mataura,1596065446,NZ,-46.19,168.86,53.58,74,100,3.2
iqaluit,1596065412,CA,63.75,-68.51,69.8,49,20,16.11
bambous virieux,1596065447,MU,-20.34,57.76,70.0,83,75,8.05
richards bay,1596065447,ZA,-28.78,32.04,62.96,82,73,2.77
tubuala,1596065447,PA,9.52,-79.03,84.2,79,40,3.36
faanui,1596065447,PF,-16.48,-151.75,79.54,78,100,18.19
grindavik,1596065447,IS,63.84,-22.43,50.0,93,90,9.17
hoopstad,1596065447,ZA,-27.83,25.91,47.05,52,0,5.37
alexandroupoli,1596065447,GR,40.85,25.87,75.99,63,0,8.99
srednekolymsk,1596065448,RU,67.45,153.68,52.23,59,96,14.29
san luis,1596065448,AR,-33.3,-66.34,47.53,50,0,7.27
vao,1596065448,NC,-22.67,167.48,72.25,84,75,25.84
fomboni,1596065448,KM,-12.28,43.74,76.01,87,78,13.85
hvide sande,1596065448,DK,56.0,8.13,55.99,81,84,1.99
saint george,1596065448,US,37.1,-113.58,106.0,6,1,12.75
sarangani,1596065448,PH,5.4,125.46,81.59,78,100,7.99
high level,1596065449,CA,58.52,-117.14,73.4,40,75,4.7
liepaja,1596065449,LV,56.54,21.04,62.6,77,24,19.46
tuktoyaktuk,1596065446,CA,69.45,-133.04,53.6,76,75,9.17
haines junction,1596065449,CA,60.75,-137.51,74.7,40,32,1.92
kavieng,1596065449,PG,-2.57,150.8,83.93,68,6,5.75
san cristobal,1596065389,VE,7.77,-72.22,87.8,55,40,9.17
fortuna,1596065449,US,40.6,-124.16,68.0,76,22,3.0
nishihara,1596065450,JP,26.18,127.76,86.0,83,75,16.11
castro,1596065450,BR,-24.79,-50.01,52.75,97,100,8.79
clyde river,1596065450,CA,70.47,-68.59,41.0,93,75,12.75
upernavik,1596065450,GL,72.79,-56.15,42.87,88,40,6.02
xudat,1596065450,AZ,41.63,48.68,71.55,68,62,3.8
itarema,1596065450,BR,-2.92,-39.92,78.17,78,15,13.38
mar del plata,1596065450,AR,-38.0,-57.56,48.99,87,0,3.36
nabire,1596065450,ID,-3.37,135.48,82.35,71,14,2.24
abay,1596065451,KZ,49.63,72.85,48.2,93,0,3.62
east london,1596065451,ZA,-33.02,27.91,59.4,69,0,10.94
sola,1596065451,VU,-13.88,167.55,78.8,94,90,18.84
bone,1596065451,DE,51.97,12.14,55.99,68,43,4.65
namibe,1596065451,AO,-15.2,12.15,62.15,82,57,7.11
yinchuan,1596065451,CN,38.47,106.27,81.16,36,99,17.6
fare,1596065451,PF,-16.7,-151.02,79.97,77,100,19.42
vaini,1596065452,TO,-21.2,-175.2,71.6,78,75,19.46
kayes,1596065452,ML,14.0,-11.0,77.34,86,100,3.56
ambon,1596065452,ID,-3.7,128.18,79.0,88,75,8.05
hasaki,1596065452,JP,35.73,140.83,70.0,94,75,9.17
guerrero negro,1596065452,MX,27.98,-114.06,76.6,59,2,17.02
saskylakh,1596065452,RU,71.92,114.08,55.89,63,0,3.71
kaitangata,1596065453,NZ,-46.28,169.85,55.0,73,100,1.99
zhuhai,1596065453,CN,22.28,113.57,87.01,83,40,11.41
laguna,1596065453,US,38.42,-121.42,99.0,16,1,11.41
half moon bay,1596065247,US,37.46,-122.43,77.0,87,90,6.93
victoria,1596065349,HK,22.29,114.16,84.99,92,100,13.31
papetoai,1596065453,PF,-17.5,-149.87,82.4,69,75,19.46
la romana,1596065453,DO,18.43,-68.97,86.0,70,75,18.34
cherskiy,1596065454,RU,68.75,161.3,49.06,61,15,17.47
areosa,1596065454,PT,41.72,-8.86,73.0,93,0,3.49
charcas,1596065454,MX,23.13,-101.12,67.59,70,100,15.59
buchanan,1596065454,LR,5.88,-10.05,77.0,83,75,3.36
olkusz,1596065454,PL,50.28,19.57,61.0,86,38,1.68
kodiak,1596065448,US,57.79,-152.41,68.0,56,1,10.29
slave lake,1596065454,CA,55.28,-114.77,71.6,78,90,3.36
pinawa,1596065454,CA,50.15,-95.88,75.16,57,14,6.35
tagbac,1596065455,PH,7.09,125.16,75.2,100,90,1.7
padang,1596065455,ID,-0.95,100.35,77.85,71,99,4.03
dingle,1596065455,PH,11.0,122.67,81.81,82,73,9.86
ambilobe,1596065455,MG,-13.2,49.05,67.35,82,19,3.98
coos bay,1596065285,US,43.37,-124.22,75.0,68,1,12.75
ust-omchug,1596065455,RU,61.15,149.63,51.51,50,83,11.81
novosheshminsk,1596065455,RU,55.07,51.23,61.47,72,30,8.61
vanimo,1596065455,PG,-2.67,141.3,84.25,67,9,6.51
cape town,1596065282,ZA,-33.93,18.42,55.99,100,40,6.93
sao filipe,1596065456,CV,14.9,-24.5,77.43,87,59,6.46
ostrovnoy,1596065456,RU,68.05,39.51,48.42,92,4,12.3
hamilton,1596065456,US,39.18,-84.53,91.0,48,1,6.93
puerto ayora,1596065455,EC,-0.74,-90.35,68.0,89,73,1.99
flinders,1596065456,AU,-34.58,150.86,60.01,71,1,10.0
loznica,1596065456,RS,44.53,19.22,69.01,93,0,1.12
kahului,1596065457,US,20.89,-156.47,89.6,43,20,23.04
tanete,1596065457,ID,-3.94,119.78,77.45,76,13,9.86
sorland,1596065457,NO,67.67,12.69,60.33,75,73,7.11
nerchinskiy zavod,1596065457,RU,51.31,119.61,65.34,92,55,1.03
cabo san lucas,1596065457,MX,22.89,-109.91,89.6,61,40,12.75
bocos,1596065457,PH,16.93,121.06,67.26,94,100,2.86
grants pass,1596065458,US,42.44,-123.33,100.4,15,20,8.05
oranjemund,1596065458,NA,-28.55,16.43,53.83,83,0,11.88
kyaikkami,1596065458,MM,16.08,97.57,78.67,85,97,4.85
mareeba,1596065458,AU,-17.0,145.43,69.01,61,12,1.99
santiago de las vegas,1596065458,CU,22.97,-82.39,84.2,79,40,12.75
college,1596065332,US,64.86,-147.8,68.0,52,75,8.05
bowen,1596065459,AU,-20.02,148.23,72.0,68,0,4.7
avarua,1596065459,CK,-21.21,-159.78,71.6,78,36,10.29
guayaramerin,1596065459,BO,-10.84,-65.36,81.03,50,25,3.4
xiashi,1596065459,CN,30.54,120.69,84.2,74,99,6.71
dom pedrito,1596065198,BR,-30.98,-54.67,40.41,82,0,4.5
parrita,1596065459,CR,9.52,-84.32,75.2,64,40,12.75
bengkulu,1596065459,ID,-3.8,102.27,73.89,88,71,3.89
lahat,1596065460,ID,-3.8,103.53,72.03,79,99,0.89
mahebourg,1596065460,MU,-20.41,57.7,69.8,83,75,8.05
skegness,1596065460,GB,53.14,0.34,60.8,77,98,3.36
bereda,1596065460,ES,43.27,-7.54,63.0,100,53,3.0
santiago del estero,1596065460,AR,-27.8,-64.26,51.21,40,61,9.31
katsuura,1596065461,JP,35.13,140.3,72.0,84,98,3.0
nuuk,1596065438,GL,64.18,-51.72,46.4,93,91,4.7
pangnirtung,1596065461,CA,66.15,-65.71,53.6,87,75,3.36
dunedin,1596065450,NZ,-45.87,170.5,50.0,71,99,8.01
galle,1596065461,LK,6.04,80.22,79.02,87,97,13.47
ixtapa,1596065461,MX,20.7,-105.2,77.0,94,90,6.93
sungaipenuh,1596065461,ID,-2.08,101.38,63.9,91,91,3.38
cuenca,1596065461,EC,-2.88,-78.98,57.2,87,75,3.4
tessalit,1596065462,ML,20.2,1.01,94.14,20,3,8.93
golden,1596065213,US,39.76,-105.22,93.0,17,75,21.92
nemuro,1596065462,JP,43.32,145.57,64.35,86,3,13.38
port-gentil,1596065462,GA,-0.72,8.78,77.0,83,75,13.69
boissevain,1596065462,CA,49.23,-100.06,81.0,54,1,5.84
tondon,1596065462,GN,10.37,-13.35,72.91,95,100,3.47
geraldton,1596065463,AU,-28.77,114.6,48.2,81,0,8.05
naze,1596065463,JP,28.37,129.48,86.0,84,20,10.29
lagoa,1596065463,PT,39.05,-27.98,73.81,91,12,26.82
sistranda,1596065463,NO,63.73,8.83,57.2,87,75,10.29
kloulklubed,1596065463,PW,7.04,134.26,78.8,94,90,11.36
dongsheng,1596065463,CN,39.82,109.98,75.81,47,100,20.09
port blair,1596065463,IN,11.67,92.75,80.42,83,98,19.3
lata,1596065463,PT,40.16,-8.33,72.0,96,0,1.88
santa maria,1596065464,BR,-29.68,-53.81,44.6,75,0,4.7
brae,1596065464,GB,60.4,-1.35,51.8,93,100,17.22
new norfolk,1596065462,AU,-42.78,147.06,50.0,78,16,1.01
alihe,1596065454,CN,50.57,123.72,75.76,68,71,3.58
saint anthony,1596065267,US,45.02,-93.22,82.4,44,1,8.05
nome,1596065464,US,64.5,-165.41,51.01,87,90,11.41
guilford,1596065464,US,36.07,-79.8,84.0,78,75,14.99
plaster rock,1596065464,CA,46.91,-67.39,78.8,57,1,2.73
marsh harbour,1596065465,BS,26.54,-77.06,83.05,74,49,9.75
skjervoy,1596065465,NO,70.03,20.97,59.43,72,68,14.09
ancud,1596065465,CL,-41.87,-73.82,44.01,93,99,2.24
ossora,1596065465,RU,59.24,163.07,58.12,87,90,7.81
gizo,1596065465,SB,-8.1,156.84,84.06,74,9,10.85
souillac,1596065453,MU,-20.52,57.52,69.8,83,75,8.05
deputatskiy,1596065465,RU,69.3,139.9,44.69,64,62,8.55
bellevue,1596065171,US,47.61,-122.2,88.0,34,1,8.05
les cayes,1596065466,HT,18.2,-73.75,83.62,69,0,3.98
ennis,1596065252,IE,52.84,-8.99,59.0,100,90,11.41
mamakan,1596065466,RU,57.82,114.0,63.0,75,94,3.67
norwich,1596065466,GB,52.63,1.3,60.01,77,85,1.12
broome,1596065466,US,42.25,-75.83,70.0,100,90,3.36
karlskoga,1596065466,SE,59.33,14.52,59.0,87,76,9.17
inuvik,1596065466,CA,68.35,-133.72,53.6,76,75,3.36
terrace bay,1596065467,CA,48.78,-87.1,64.67,72,71,4.03
sovetskiy,1596065467,RU,61.36,63.58,50.95,80,98,3.58
saint-augustin,1596065467,CA,51.23,-58.65,58.93,80,35,12.15
yulara,1596065467,AU,-25.24,130.99,50.0,37,0,9.17
roald,1596065467,NO,62.58,6.13,57.2,87,66,9.17
vila,1596065467,PT,42.03,-8.16,72.0,67,0,1.01
constitucion,1596065467,CL,-35.33,-72.42,48.76,71,93,4.72
eureka,1596065468,US,40.8,-124.16,68.0,48,9,3.0
chowchilla,1596065468,US,37.12,-120.26,102.2,16,40,9.17
chicama,1596065468,PE,-7.84,-79.15,61.03,80,5,5.61
teguldet,1596065468,RU,57.31,88.17,59.43,97,97,4.47
ahipara,1596065468,NZ,-35.17,173.17,59.2,77,100,12.64
ialibu,1596065469,PG,-6.28,143.99,63.28,90,90,3.06
vestmannaeyjar,1596065469,IS,63.44,-20.27,52.11,88,35,6.11
winston-salem,1596065426,US,36.1,-80.24,84.99,74,36,1.01
akyab,1596065469,MM,20.15,92.9,80.98,84,100,5.06
antofagasta,1596065393,CL,-23.65,-70.4,55.4,76,66,5.82
fallon,1596065469,US,39.47,-118.78,100.4,9,1,5.82
rawson,1596065469,AR,-43.3,-65.1,45.14,59,82,15.08
westport,1596065403,US,41.14,-73.36,84.0,69,1,9.17
toktogul,1596065470,KG,41.87,72.94,63.18,50,44,0.72
nkhata bay,1596065470,MW,-11.61,34.29,66.72,69,5,4.7
baykit,1596065470,RU,61.67,96.37,58.71,83,98,7.72
shrewsbury,1596065470,GB,52.71,-2.75,57.99,90,98,4.59
luklukan,1596065470,PH,14.33,122.71,78.58,89,100,5.23
ponta delgada,1596065470,PT,37.73,-25.67,71.6,100,75,11.41
njombe,1596065471,TZ,-9.33,34.77,51.33,90,23,6.67
mingguang,1596065471,CN,32.78,117.96,76.78,94,95,10.25
vostok,1596065471,RU,46.49,135.88,76.8,63,1,2.59
inirida,1596065471,CO,3.87,-67.92,75.33,95,99,2.95
najran,1596065471,SA,17.49,44.13,78.8,57,40,6.93
jasper,1596065430,US,37.2,-94.35,79.0,83,20,5.82
jaltenango,1596065471,MX,15.87,-92.72,76.93,81,54,2.55
hithadhoo,1596065471,MV,-0.6,73.08,82.27,81,67,14.25
san patricio,1596065451,MX,19.22,-104.7,86.0,74,90,3.42
nelson bay,1596065471,AU,-32.72,152.15,59.0,87,75,8.05
marshalltown,1596065293,US,42.05,-92.91,84.0,69,20,5.82
nanortalik,1596065472,GL,60.14,-45.24,46.4,90,55,6.93
sur,1596065472,OM,22.57,59.53,91.83,55,94,4.7
hailar,1596065472,CN,49.2,119.7,71.24,73,100,5.48
pathein,1596065472,MM,16.78,94.73,78.08,93,100,3.56
ballina,1596065472,AU,-28.87,153.57,62.6,72,8,11.41
iguape,1596065472,BR,-24.71,-47.56,59.61,93,100,14.79
mount isa,1596065473,AU,-20.73,139.5,64.4,34,0,11.41
ucluelet,1596065440,CA,48.93,-125.55,68.0,56,5,12.75
asaba,1596065473,NG,6.2,6.73,72.19,94,100,5.08
cayenne,1596065405,GF,4.93,-52.33,82.4,78,69,5.82
borogontsy,1596065473,RU,62.67,131.17,64.96,42,0,4.81
airai,1596065473,TL,-8.93,125.41,63.59,42,49,4.12
portland,1596065421,US,45.52,-122.68,93.99,24,20,10.29
bolivar,1596065474,US,37.61,-93.41,78.01,85,100,7.85
bealanana,1596065474,MG,-14.55,48.73,57.04,91,62,3.65
longyearbyen,1596065474,SJ,78.22,15.64,53.6,76,20,5.82
piranshahr,1596065474,IR,36.7,45.14,71.13,27,0,4.74
provideniya,1596065474,RU,64.38,-173.3,50.0,87,90,8.95
esperance,1596065447,AU,-33.87,121.9,46.4,87,0,16.11
orel-izumrud,1596065474,RU,43.46,39.92,69.8,83,1,6.71
manokwari,1596065475,ID,-0.87,134.08,82.6,67,41,3.0
alofi,1596065475,NU,-19.06,-169.92,75.2,64,75,16.11
plouzane,1596065475,FR,48.38,-4.62,59.0,93,15,5.82
kabanjahe,1596065475,ID,3.1,98.49,77.0,100,40,2.24
mattru,1596065475,SL,7.62,-11.83,72.82,95,99,3.94
iquitos,1596065297,PE,-3.75,-73.25,75.2,88,75,3.36
gornopravdinsk,1596065473,RU,60.05,69.9,47.26,78,26,3.22
calvinia,1596065476,ZA,-31.47,19.78,44.1,74,0,0.85
tomelloso,1596065476,ES,39.15,-3.02,71.01,67,0,8.01
butembo,1596065476,CD,0.15,29.28,56.82,89,20,2.86
yukon,1596065476,US,35.51,-97.76,91.4,62,97,17.22
svetlyy,1596065476,RU,54.67,20.13,59.0,82,40,8.95
boddam,1596065476,GB,57.47,-1.78,51.8,81,75,11.41
piacabucu,1596065476,BR,-10.41,-36.43,73.67,78,27,10.2
holoby,1596065477,UA,51.09,25.01,64.0,98,2,4.34
reconquista,1596065477,AR,-29.15,-59.65,43.29,64,0,6.8
bilma,1596065473,NE,18.69,12.92,92.46,19,72,1.61
nhulunbuy,1596065477,AU,-12.23,136.77,75.2,53,0,13.87
altay,1596065477,CN,47.87,88.12,64.4,49,90,2.44
moate,1596065477,IE,53.55,-7.72,57.99,94,100,11.01
luderitz,1596065456,NA,-26.65,15.16,57.2,67,0,6.93
iglesias,1596065477,IT,39.31,8.54,78.8,88,0,5.82
brazzaville,1596065477,CG,-4.27,15.28,75.2,69,67,7.63
bonavista,1596065465,CA,48.65,-53.11,53.01,83,43,3.0
kumba,1596065478,CM,4.64,9.45,71.26,94,100,0.83
adre,1596065478,TD,13.47,22.2,69.78,84,32,8.03
mujiayingzi,1596065478,CN,42.12,118.78,78.12,62,52,9.93
akhmim,1596065478,EG,26.56,31.75,89.6,27,0,5.82
poya,1596065478,NC,-21.35,165.15,78.15,69,14,7.4
khuzhir,1596065478,RU,53.19,107.34,56.52,90,64,5.5
vagay,1596065479,RU,57.94,69.02,47.43,83,46,2.33
linkou,1596065479,CN,45.3,130.28,74.07,70,73,5.95
neuquen,1596065479,AR,-38.95,-68.06,42.8,81,43,5.1
sao joao da barra,1596065479,BR,-21.64,-41.05,71.04,87,8,11.68
miri,1596065479,MY,4.41,114.01,75.2,100,40,1.12
umm kaddadah,1596065479,SD,13.6,26.69,78.87,67,87,16.22
kavaratti,1596065479,IN,10.57,72.64,82.26,78,100,16.15
olinda,1596065480,BR,-8.01,-34.86,78.8,69,75,17.22
saint-joseph,1596065480,RE,-21.37,55.62,66.2,82,20,6.93
mana,1596065478,GF,5.66,-53.78,79.43,84,90,10.6
armentieres,1596065480,FR,50.69,2.88,60.01,65,31,3.47
norman wells,1596065480,CA,65.28,-126.83,66.2,68,75,12.75
barentu,1596065480,ER,15.11,37.59,68.85,86,95,3.33
dolores,1596065480,AR,-36.31,-57.68,40.68,71,0,4.23
puri,1596065481,IN,19.8,85.85,82.4,94,20,3.36
anshun,1596065382,CN,26.25,105.93,65.16,98,70,2.15
puerto ayacucho,1596065481,VE,5.66,-67.62,82.4,74,40,6.93
huarmey,1596065481,PE,-10.07,-78.15,60.24,82,3,7.25
yago,1596065482,MX,21.83,-105.07,71.6,83,90,4.7
sechura,1596065482,PE,-5.56,-80.82,65.44,70,5,15.55
kosh-agach,1596065482,RU,50.0,88.67,50.2,73,100,5.03
aklavik,1596065482,CA,68.22,-135.01,59.0,72,75,6.93
hofn,1596065482,IS,64.25,-15.21,51.58,82,11,2.73
huaura,1596065482,PE,-11.07,-77.6,59.72,82,6,6.89
ponta do sol,1596065482,PT,32.67,-17.1,71.6,60,40,8.05
bathsheba,1596065483,BB,13.22,-59.52,82.4,83,40,18.34
druzhba,1596065483,UA,52.04,33.95,63.52,95,100,5.5
flin flon,1596065483,CA,54.77,-101.86,78.8,50,20,8.05
vladivostok,1596065304,RU,43.11,131.87,71.6,88,90,8.95
ferrandina,1596065483,IT,40.5,16.45,82.99,64,0,2.24
guarapari,1596065483,BR,-20.67,-40.5,75.99,83,20,1.12
maceio,1596065483,BR,-9.67,-35.74,71.6,88,75,11.41
daugai,1596065483,LT,54.37,24.33,57.2,82,17,5.82
kruisfontein,1596065484,ZA,-34.0,24.73,53.2,82,0,14.12
wagar,1596065484,SD,16.15,36.2,77.7,76,90,6.46
shirokiy,1596065484,RU,49.76,129.52,76.17,76,0,6.26
bandarbeyla,1596065484,SO,9.49,50.81,78.42,73,34,24.29
tromso,1596065484,NO,69.65,18.96,66.2,55,97,14.99
cabatuan,1596065484,PH,10.88,122.49,81.95,80,74,8.03
husavik,1596065484,IS,66.04,-17.34,50.0,81,81,2.24
shenjiamen,1596065484,CN,29.96,122.3,80.98,87,73,12.95
evensk,1596065485,RU,61.95,159.23,53.64,72,98,6.51
voskresenskoye,1596065485,RU,56.84,45.43,63.01,93,90,7.65
atar,1596065485,MR,20.52,-13.05,87.42,35,0,15.59
linjiang,1596065485,CN,41.81,126.91,70.54,86,100,2.28
camacha,1596065485,PT,33.08,-16.33,69.8,68,75,10.29
espera feliz,1596065485,BR,-20.65,-41.91,61.29,92,60,4.21
koslan,1596065485,RU,63.46,48.9,52.43,91,25,5.21
copiapo,1596065361,CL,-27.37,-70.33,53.6,81,40,13.87
qianjiang,1596065486,CN,30.42,112.89,80.47,89,86,4.43
soldotna,1596065395,US,60.49,-151.06,69.8,60,1,12.75
jalu,1596065486,LY,29.03,21.55,80.82,36,0,9.4
severo-kurilsk,1596065466,RU,50.68,156.12,56.82,79,97,13.82
strezhevoy,1596065486,RU,60.73,77.59,46.4,93,92,2.24
iskateley,1596065486,RU,67.68,53.15,46.78,88,51,6.82
borba,1596065487,BR,-4.39,-59.59,77.45,50,0,2.24
touros,1596065487,BR,-5.2,-35.46,73.4,94,40,4.7
kutum,1596065487,SD,14.2,24.67,74.75,69,84,8.32
jurado,1596065487,CO,7.11,-77.76,79.02,84,88,2.95
beian,1596065487,NO,63.66,9.57,57.2,87,75,10.29
moron,1596065450,AR,-34.65,-58.62,52.0,63,0,2.39
bulnes,1596065487,CL,-36.74,-72.3,41.0,93,100,3.36
san quintin,1596065487,MX,30.48,-115.95,73.09,67,0,15.61
matveyevka,1596065488,RU,52.15,56.18,53.6,81,37,2.24
fort nelson,1596065207,CA,58.81,-122.7,71.6,49,40,5.82
samarai,1596065485,PG,-10.62,150.67,76.71,83,97,16.17
abnub,1596065488,EG,27.27,31.15,86.0,42,0,11.41
berdigestyakh,1596065488,RU,62.1,126.7,62.47,69,0,3.76
micomeseng,1596065488,GQ,2.15,10.62,66.49,99,100,2.3
cruzeiro do oeste,1596065488,BR,-23.79,-53.07,58.8,70,84,5.26
henties bay,1596065488,NA,-22.12,14.28,55.99,90,0,7.05
bilibino,1596065489,RU,68.05,166.44,56.07,39,67,7.09
coari,1596065489,BR,-4.08,-63.14,77.52,57,29,2.28
leua,1596065489,SK,48.22,18.61,66.99,88,15,2.17
chipinge,1596065489,ZW,-20.19,32.62,51.87,79,0,2.75
nuevo progreso,1596065489,MX,23.17,-97.95,84.0,62,98,3.0
sembe,1596065489,CG,1.65,14.58,70.77,91,98,2.71
imeni poliny osipenko,1596065489,RU,52.42,136.49,81.34,73,16,7.2
viedma,1596065489,AR,-40.81,-63.0,43.7,61,84,9.78
akonolinga,1596065490,CM,3.77,12.25,65.89,98,90,3.62
lobito,1596065490,AO,-12.35,13.55,68.77,82,63,3.31
trelew,1596065490,AR,-43.25,-65.31,43.56,61,90,11.27
ipixuna,1596065490,BR,-1.76,-48.8,82.4,78,16,6.93
grand forks,1596065252,US,47.93,-97.03,80.6,44,75,5.82
corum,1596065491,TR,40.5,34.75,59.13,92,0,3.06
coleraine,1596065491,GB,55.13,-6.67,55.4,93,75,9.17
raudeberg,1596065491,NO,61.99,5.14,57.2,82,91,14.99
gangtok,1596065491,IN,27.33,88.62,66.87,81,100,1.05
parana,1596065492,AR,-31.73,-60.52,46.99,49,0,5.7
hudiksvall,1596065492,SE,61.73,17.1,54.0,98,4,5.01
mandalgovi,1596065492,MN,45.76,106.27,64.35,71,1,5.01
havre-saint-pierre,1596065492,CA,50.23,-63.6,59.0,93,90,11.41
felanitx,1596065492,ES,39.47,3.15,82.4,65,7,8.05
puerto madryn,1596065492,AR,-42.77,-65.04,46.27,56,94,18.86
bulungu,1596065493,CD,-4.55,18.6,75.7,46,1,1.03
coahuayana,1596065493,MX,18.73,-103.68,69.8,94,90,2.53
pyapon,1596065493,MM,16.28,95.68,79.83,86,100,4.74
mecca,1596065493,SA,21.43,39.83,86.47,52,83,3.36
mazagao,1596065486,BR,-0.12,-51.29,84.2,83,53,2.24
spornoye,1596065493,RU,50.84,37.29,73.4,64,100,11.18
anadyr,1596065493,RU,64.75,177.48,55.4,87,75,2.24
sakata,1596065494,JP,38.92,139.85,73.4,83,75,8.05
sassandra,1596065494,CI,4.95,-6.08,74.01,90,91,6.6
sitka,1596065494,US,57.05,-135.33,66.2,63,1,4.7
cockburn town,1596065416,TC,21.46,-71.14,82.78,80,4,23.8
ewa beach,1596065423,US,21.32,-158.01,87.8,45,75,9.17
namatanai,1596065494,PG,-3.67,152.43,84.88,68,45,5.77
mount gambier,1596065494,AU,-37.83,140.77,42.8,100,90,3.56
talnakh,1596065495,RU,69.49,88.4,57.2,71,60,8.95
la ronge,1596065495,CA,55.1,-105.28,86.0,42,75,8.05
steinkjer,1596065495,NO,64.19,11.39,59.0,72,99,13.0
kankaanpaa,1596065495,FI,61.8,22.42,54.0,93,99,6.93
santa luzia,1596065495,BR,-19.77,-43.85,73.4,40,67,4.7
torbay,1596065495,CA,47.67,-52.73,55.0,100,90,6.93
gamba,1596065495,GA,-2.65,10.0,72.18,80,41,6.26
sartell,1596065495,US,45.62,-94.21,79.0,54,40,4.7
parsabad,1596065496,IR,39.65,47.92,73.4,69,0,13.87
kieta,1596065496,PG,-6.22,155.63,86.29,62,87,2.42
cap malheureux,1596065496,MU,-19.98,57.61,70.0,78,36,4.0
dalbandin,1596065496,PK,28.89,64.41,82.56,20,71,4.25
narva-joesuu,1596065496,EE,59.46,28.04,55.9,87,21,11.81
sao sebastiao,1596065319,BR,-23.76,-45.41,66.15,87,100,6.93
pacific grove,1596065430,US,36.62,-121.92,71.01,60,1,6.93
warragul,1596065434,AU,-38.17,145.93,50.0,89,73,1.81
kenai,1596065497,US,60.55,-151.26,69.8,60,1,6.93
russell,1596065497,US,32.35,-85.2,80.6,83,75,10.29
tuatapere,1596065470,NZ,-46.13,167.68,54.55,70,100,7.99
manado,1596065497,ID,1.49,124.85,77.0,88,20,3.56
maunabo,1596065497,PR,18.01,-65.9,81.0,94,99,5.99
kabarnet,1596065417,KE,0.49,35.74,53.6,100,49,4.7
ramshir,1596065498,IR,30.89,49.41,95.0,53,0,4.03
beringovskiy,1596065498,RU,63.05,179.32,55.11,78,94,10.47
norden,1596065498,DE,53.6,7.2,57.2,67,75,4.7
lebu,1596065498,CL,-37.62,-73.65,44.76,74,100,3.42
trebinje,1596065433,BA,42.71,18.34,78.8,54,0,3.36
shubarshi,1596065498,KZ,48.59,57.19,73.18,40,98,5.32
isangel,1596065498,VU,-19.55,169.27,78.1,70,63,14.12
athabasca,1596065496,CA,54.72,-113.29,79.39,59,50,2.75
margate,1596065470,GB,51.38,1.39,62.01,63,85,1.01
ariquemes,1596065499,BR,-9.91,-63.04,81.37,43,35,3.04
malumfashi,1596065499,NG,11.79,7.62,74.17,86,36,9.86
gabane,1596065499,BW,-24.67,25.78,44.6,56,0,2.24
ashitkovo,1596065499,RU,55.44,38.59,66.2,88,40,4.47
sardhana,1596065499,IN,29.15,77.62,77.59,92,96,7.02
eleousa,1596065499,GR,39.71,20.79,73.99,77,0,2.24
ulaanbaatar,1596065500,MN,47.91,106.88,57.2,87,40,2.24
rudnogorsk,1596065500,RU,57.26,103.75,56.88,84,100,8.01
rio gallegos,1596065298,AR,-51.62,-69.22,33.8,86,86,8.05
inhambane,1596065500,MZ,-23.86,35.38,63.79,81,0,5.73
warwick,1596065260,US,41.7,-71.42,84.2,45,20,14.99
tiksi,1596065461,RU,71.69,128.87,39.99,86,100,8.46
kondinskoye,1596065500,RU,59.65,67.41,49.19,76,63,4.72
egvekinot,1596065500,RU,66.32,-179.17,47.95,95,100,2.77
addanki,1596065501,IN,15.82,79.98,82.49,77,100,5.08
xuddur,1596065501,SO,4.12,43.89,72.39,81,3,14.88
ati,1596065501,TD,13.22,18.34,79.23,72,96,19.89
wanning,1596065501,CN,18.8,110.4,84.22,74,53,3.18
bistret,1596065501,RO,43.9,23.5,73.99,78,0,5.82
san rafael,1596065501,AR,-34.62,-68.33,49.51,46,19,8.93
cooma,1596065501,AU,-36.23,149.13,37.4,100,90,9.17
boguchany,1596065240,RU,58.38,97.45,60.94,84,98,5.06
tilichiki,1596065501,RU,60.47,166.1,53.74,92,100,4.27
piranhas,1596065502,BR,-16.43,-51.82,75.43,43,62,0.83
birin,1596065502,NP,26.89,88.07,63.43,100,100,2.28
yelizovo,1596065502,RU,53.19,158.38,71.6,53,98,6.71
leh,1596065502,IN,34.17,77.58,58.84,47,67,0.78
aksu,1596065502,CN,41.12,80.26,71.42,38,21,2.26
port keats,1596065502,AU,-14.25,129.55,70.32,26,0,14.36
victor harbor,1596065503,AU,-35.57,138.62,48.0,92,37,2.44
knokke-heist,1596065503,BE,51.33,3.33,64.4,63,78,5.82
solone,1596065503,UA,48.21,34.87,72.0,64,8,2.13
kropotkin,1596065503,RU,45.44,40.58,68.7,69,0,4.85
smirnykh,1596065503,RU,49.75,142.83,79.79,65,33,0.27
adela,1596065503,PH,12.44,120.97,81.54,80,100,2.57
puerto escondido,1596065503,MX,15.85,-97.07,80.6,69,90,5.82
de-kastri,1596065503,RU,51.47,140.78,79.36,66,33,5.66
altamira,1596065504,BR,-3.2,-52.21,75.15,68,32,1.92
kotelnikovo,1596065504,RU,47.63,43.15,73.89,35,1,4.83
palmer,1596065504,US,42.16,-72.33,87.8,45,20,5.82
huamuxtitlan,1596065504,MX,17.82,-98.57,80.55,69,60,3.91
west plains,1596065345,US,36.73,-91.85,78.8,78,75,6.93
camacupa,1596065504,AO,-12.02,17.48,52.36,43,17,4.09
fethiye,1596065504,TR,36.62,29.12,75.2,83,0,4.7
sillod,1596065504,IN,20.3,75.65,75.25,88,100,4.52
harnosand,1596065505,SE,62.63,17.94,55.4,100,97,4.7
pisco,1596065505,PE,-13.7,-76.22,62.6,77,6,8.05
azul,1596065505,AR,-36.78,-59.86,39.83,71,23,5.01
barra do corda,1596065505,BR,-5.5,-45.25,79.9,53,64,1.39
sibolga,1596065505,ID,1.74,98.78,77.23,68,100,3.56
coquimbo,1596065505,CL,-29.95,-71.34,51.8,93,1,4.7
olafsvik,1596065456,IS,64.89,-23.71,50.99,83,87,5.93
progreso,1596065506,MX,21.28,-89.67,95.0,50,40,14.99
mezen,1596065506,RU,65.85,44.24,52.84,68,1,10.22
belyy gorodok,1596065506,RU,56.97,37.51,62.82,98,100,8.21
santander,1596065506,ES,43.46,-3.8,69.8,83,90,3.36
campos,1596065467,BR,-21.75,-41.3,69.73,87,27,9.66
bagdarin,1596065490,RU,54.43,113.6,63.99,91,100,1.54
porto santo,1596065506,PT,33.07,-16.34,69.8,68,75,10.29
usinsk,1596065506,RU,65.99,57.53,48.94,81,68,10.6
tual,1596065480,ID,-5.67,132.75,79.34,83,99,22.12
lyubech,1596065507,UA,51.7,30.66,61.97,96,50,7.16
jinji,1596065507,CN,23.23,110.83,82.27,79,100,1.19
shitkino,1596065507,RU,56.37,98.35,60.67,90,100,4.41
iranshahr,1596065507,IR,27.2,60.68,88.32,13,65,4.41
tiznit,1596065507,MA,29.58,-9.5,75.6,48,0,1.86
ban dung,1596065507,TH,17.7,103.26,84.99,88,20,3.36
scarborough,1596065419,GB,54.28,-0.4,52.0,76,100,5.39
asau,1596065508,RO,46.43,26.4,66.0,83,4,3.44
garwolin,1596065508,PL,51.9,21.61,62.01,87,25,3.38
prince rupert,1596065235,CA,54.32,-130.32,69.8,56,1,8.05
talkha,1596065508,EG,31.05,31.38,70.59,94,0,4.18
kununurra,1596065508,AU,-15.77,128.73,69.8,24,0,9.17
hjelset,1596065508,NO,62.78,7.48,59.0,82,98,8.05
alcaniz,1596065508,ES,41.05,-0.13,68.0,87,10,1.01
dali,1596065509,CN,25.7,100.18,63.73,85,99,3.49
mumford,1596065509,GH,5.26,-0.76,74.07,90,78,10.45
ust-kan,1596065509,RU,50.93,84.76,49.48,84,68,2.33
buin,1596065509,CL,-33.73,-70.75,68.0,38,0,3.36
luwuk,1596065416,ID,-0.95,122.79,76.14,83,100,7.74
los llanos de aridane,1596065459,ES,28.66,-17.92,73.4,78,90,14.99
yuli,1596065509,NG,9.7,10.27,73.62,92,70,5.7
boden,1596065509,SE,65.83,21.69,60.8,93,100,8.05
vardo,1596065509,NO,70.37,31.11,53.22,88,12,20.18
limbang,1596065510,MY,4.75,115.0,75.2,94,75,3.36
clovis,1596065402,US,36.83,-119.7,104.0,18,20,9.17
ampanihy,1596065510,MG,-24.7,44.75,60.53,96,18,4.99
agucadoura,1596065510,PT,41.43,-8.78,72.0,93,0,2.24
coihaique,1596065510,CL,-45.58,-72.07,35.6,74,99,5.82
waiouru,1596065510,NZ,-39.48,175.67,53.01,44,41,1.7
kushiro,1596065510,JP,42.98,144.37,68.0,82,40,3.36
huambo,1596065510,AO,-12.78,15.74,50.74,47,6,1.81
lluta,1596065511,PE,-16.01,-72.01,49.5,41,0,1.72
loa janan,1596065511,ID,-0.58,117.09,76.14,86,98,5.35
zalesovo,1596065511,RU,53.99,84.74,58.03,96,96,9.75
muskogee,1596065511,US,35.58,-95.33,86.0,74,75,8.05
puerto carreno,1596065511,CO,6.19,-67.49,82.4,74,40,6.93
lodja,1596065511,CD,-3.48,23.43,72.16,44,0,1.16
carlisle,1596065474,US,40.2,-77.19,90.0,44,3,3.0
rio rancho,1596065433,US,35.23,-106.66,97.0,17,40,10.29
winona,1596065484,US,43.97,-91.77,80.6,54,1,3.36
umm lajj,1596065512,SA,25.02,37.27,85.87,76,50,14.47
derzhavinsk,1596065512,KZ,51.1,66.32,62.01,72,0,3.56
qaqortoq,1596065512,GL,60.72,-46.03,53.6,71,37,5.82
ilulissat,1596065512,GL,69.22,-51.1,44.6,75,9,3.36
pabna,1596065512,BD,24.0,89.25,79.74,93,100,9.26
roma,1596065513,US,43.21,-75.46,73.4,83,75,4.7
mitsamiouli,1596065513,KM,-11.38,43.28,77.0,82,75,12.03
saldanha,1596065513,ZA,-33.01,17.94,46.4,87,0,2.24
punta alta,1596065513,AR,-38.88,-62.07,45.37,60,81,10.56
cavalcante,1596065320,BR,-13.8,-47.46,68.43,37,0,3.06
santa rosa,1596065513,PH,14.31,121.11,79.0,100,100,3.18
